,tweet_datetime,tweet_favorite_count,tweet_id,tweet_imgs_count,tweet_retweet_count,tweet_text
0,Wed Apr 10 04:51:26 +0000 2019,0,1115839682607239173,,1,RT @IIITDelhi: Applications open for MTech (CB) through JNU CEEB Admission process. Candidates can check the JNU CEEB admission process in‚Ä¶
1,Tue Apr 09 16:45:07 +0000 2019,0,1115656899892879361,,13,RT @IIITDelhi: We are delighted to share that IIIT-Delhi is ranked 55 by NIRF this year. We have moved up by 11 positions compared to the p‚Ä¶
2,Tue Apr 09 05:04:27 +0000 2019,0,1115480571323371520,,35,"RT @Harvard: Professor Jelani Nelson founded AddisCoder, a program that teaches students in Ethiopia how to code https://t.co/0sM06p4qxw"
3,Tue Apr 09 05:04:11 +0000 2019,0,1115480504931844101,,16,"RT @emnlp2019: For anyone interested in submitting to EMNLP 2019, the anonymity period begins in less two weeks, on April 21.
https://t.co/‚Ä¶"
4,Mon Apr 08 19:38:09 +0000 2019,0,1115338057400573953,,15,RT @multimediaeval: Announcing the 2019 MediaEval multimedia tasks: https://t.co/V6NMt1vaNV Participation is open for anyone who is interes‚Ä¶
5,Mon Apr 08 07:08:12 +0000 2019,18,1115149324533542912,,2,"Many Congratulations to @midasIIITD student, Shagun Uppal @shagunuppls, on getting selected for the summer internsh‚Ä¶ https://t.co/bzhiSm4zuB"
6,Mon Apr 08 03:27:42 +0000 2019,5,1115093836341096449,,0,@midasIIITD thanks all students who have appeared for the interview yesterday. We will announce the interview resul‚Ä¶ https://t.co/qxESgZPtKJ
7,Sun Apr 07 14:17:29 +0000 2019,0,1114894970886983680,,0,"@himanchalchandr Meanwhile, complete CV/NLP task first."
8,Sun Apr 07 14:17:09 +0000 2019,0,1114894886292029440,,0,@sayangdipto123 Submit as per the guideline again.
9,Sun Apr 07 11:43:24 +0000 2019,1,1114856195335106560,,1,We request all students whose interview are scheduled today to join at the time given to them and not before or aft‚Ä¶ https://t.co/7cnrlj1b9Q
10,Sun Apr 07 06:55:19 +0000 2019,5,1114783695129534464,,2,"Other queries: ""none of the Tweeter Apis give the correct count of favorites tested for most of them, all give the‚Ä¶ https://t.co/2jnCTMMqV8"
11,Sun Apr 07 06:53:38 +0000 2019,4,1114783273757151232,,1,"Other queries: ""do we have to make two different repositories on Github as ""Python Problem"" and ""CV Problem"". Or we‚Ä¶ https://t.co/45x8RhQcAT"
12,Sun Apr 07 05:32:27 +0000 2019,6,1114762841637175296,,1,"Other queries: ""If using Twitter api, it does not include any information about images in the response objects sent‚Ä¶ https://t.co/JEWZB2XTPq"
13,Sun Apr 07 05:29:40 +0000 2019,7,1114762141259763712,,1,"Response to some queries asked by students on @midasIIITD task.
What does the line ""dump the responses into JSONlin‚Ä¶ https://t.co/Rr6ri8lyVY"
14,Sat Apr 06 17:11:29 +0000 2019,0,1114576370414292992,,2,RT @kdnuggets: Top 8 #Free Must-Read #Books on #DeepLearning #KDN https://t.co/1DtlN91Yjj
15,Sat Apr 06 16:43:27 +0000 2019,18,1114569315636928512,,3,"@nupur_baghel @PennDATS Congratulation @nupur_baghel on getting admit from @PennDATS. 
She got 5/10 acceptance. She‚Ä¶ https://t.co/ooD8yneUwS"
16,Fri Apr 05 16:08:37 +0000 2019,11,1114198161562775553,,1,We have emailed the task details to all candidates who have applied to @midasIIITD internship through IIITD portal.‚Ä¶ https://t.co/gZwyr7D2Sw
17,Fri Apr 05 04:05:11 +0000 2019,0,1114016105079693312,,16,"RT @rfpvjr: Our NAACL paper on polarization in language on Twitter surrounding mass shootings is up on arXiv! https://t.co/g7wiegXxDg
This‚Ä¶"
18,Fri Apr 05 04:04:43 +0000 2019,0,1114015987395854336,1.0,11,RT @kdnuggets: Effective Transfer Learning For NLP https://t.co/Z1m0AzlfVv https://t.co/ccX4Uhxjn8
19,Wed Apr 03 18:31:53 +0000 2019,0,1113509442849525760,,59,RT @stanfordnlp: What‚Äôs new in @Stanford CS224N Natural Language Processing with Deep Learning for 2019? Question answering‚Äî1D CNNs‚Äîsubword‚Ä¶
20,Wed Apr 03 17:04:32 +0000 2019,0,1113487457780215808,,872,"RT @DeepMindAI: Today we're releasing a large-scale extendable dataset of mathematical questions, for training (and evaluating the abilitie‚Ä¶"
21,Wed Apr 03 09:03:40 +0000 2019,0,1113366445231104001,,16,"RT @ylecun: Congratulations Jitendra Malik !

Awards are raining on FAIRies these days... https://t.co/1WNcSeQLZe"
22,Wed Apr 03 07:46:02 +0000 2019,0,1113346906007265280,,4,"RT @IIITDelhi: Another chance to take admission in the Ph.D. program in IIIT Delhi. 
Admissions open for Ph.D. program mathematics 

Log on‚Ä¶"
23,Tue Apr 02 04:20:13 +0000 2019,8,1112932724090851328,,1,"Dear @midasIIITD internship candidates who have submitted their solutions to the task, we have sent you an email re‚Ä¶ https://t.co/4lCcAmwBKc"
24,Tue Apr 02 02:44:54 +0000 2019,5,1112908735930908673,,1,"Looking forward to your paper submission to @IEEEBigMM19. 

Important Dates:
Regular Paper: 11:59pm PST, May 10, 20‚Ä¶ https://t.co/ODYKLC8z0s"
25,Tue Apr 02 02:35:44 +0000 2019,0,1112906429646737408,,7,RT @ngrams: Reproducibility in multimedia research in @sigmm records https://t.co/hOyMxtmy7A Plus reminder to past-year authors: Today 1 Ap‚Ä¶
26,Mon Apr 01 06:53:08 +0000 2019,7,1112608819702571010,,2,"Online application for https://t.co/DJFDrQsHZP. Admission 2019 at @IIITDelhi has been open

Log on to know more and‚Ä¶ https://t.co/iqmGyRn1R0"
27,Sun Mar 31 10:21:24 +0000 2019,0,1112298842681049088,,10,RT @ACMMM19: A final reminder of the Reproducibility Track: Authors of 2017 and 2018 papers are invited to submit a short reproducibility p‚Ä¶
28,Fri Mar 29 19:43:24 +0000 2019,0,1111715499677614080,,2,RT @isarth23: Thanks for the support and help @debanjanbhucs @RatnRajiv and @midasIIITD. It was a great learning experience! Glad to be par‚Ä¶
29,Fri Mar 29 17:16:40 +0000 2019,9,1111678572559622144,,1,"Since SemEval-2019 will be held June 6-7, 2019 in Minneapolis, USA, collocated with NAACL-HLT 2019, it will great s‚Ä¶ https://t.co/Jrl1uSesPc"
30,Fri Mar 29 17:04:30 +0000 2019,2,1111675510474498049,,0,"+@aggarwal_kartik.
Congrats! Wish you many more success."
31,Fri Mar 29 17:03:29 +0000 2019,0,1111675253959200774,,1,"RT @aggarwal_kartik: Our work (@midasIIITD ) accepted at SemEval 2019 at @NAACLHLT : ""MIDAS at SemEval-2019 Task 9: Suggestion Mining from‚Ä¶"
32,Fri Mar 29 17:02:24 +0000 2019,9,1111674984777371649,,1,"Congratulations! @midasIIITD team, @isarth23 @LaibaMehnaz @Simcyy @debanjanbhucs @RatnRajiv @the_dhumketu for getti‚Ä¶ https://t.co/z8pT3ojhoP"
33,Fri Mar 29 05:35:22 +0000 2019,0,1111502084736581633,,0,"@EEMLcommunity @radamihalcea too many deadlines coming, @ACMMM19 @IEEEBigMM19 @EEMLcommunity"
34,Thu Mar 28 16:55:01 +0000 2019,0,1111310737153024000,,719,"RT @stanfordnlp: CS224N Natural Language Processing with Deep Learning 2019 @Stanford course videos by @chrmanning, @abigail_e_see &amp; guests‚Ä¶"
35,Thu Mar 28 16:54:37 +0000 2019,0,1111310635877294080,,155,RT @ylecun: Learn PyTorch by running on Google GPUs for free. https://t.co/pt038TMnWR
36,Wed Mar 27 16:09:09 +0000 2019,4,1110936808123035648,,1,"Dr. Vineeth N Balasubramanian will present a Talk on ""Towards Explainable Deep Learning: Adding Why to What"" on 28t‚Ä¶ https://t.co/Ts0s7oi3Q9"
37,Wed Mar 27 11:53:40 +0000 2019,0,1110872511816687620,,1545,"RT @ylecun: I am extremely honored to be the recipient of the 2018 ACM A.M. Turing Award, and absolutely delighted to be sharing it with my‚Ä¶"
38,Tue Mar 26 18:12:27 +0000 2019,5,1110605446539182080,,1,Thanks to all shortlisted candidates for submitting their solutions for @midasIIITD internship task 2019. We are cu‚Ä¶ https://t.co/It6mumE8jN
39,Tue Mar 26 05:54:49 +0000 2019,2,1110419817335447552,,0,"@IEEEBigMM19 @ACMMM19 and 6 days left for workshop proposal in @IEEEBigMM19.

Contact @cchatto for any query."
40,Tue Mar 26 05:50:10 +0000 2019,0,1110418645107113984,,3,"RT @IEEEBigMM19: Hurry Up!
6 Days left for Abstract Submission in @ACMMM19 
45 Days left for Regular Paper Submission in @IEEEBigMM19 .

He‚Ä¶"
41,Mon Mar 25 13:01:57 +0000 2019,18,1110164921352744962,,1,Congratulations @midasIIITD students Simra Shahid @Simcyy and Nilay Shrivastava @NilayShri on getting selected for‚Ä¶ https://t.co/Irr6SfKMZI
42,Sun Mar 24 18:44:01 +0000 2019,8,1109888617302753280,,3,The last date for submitting a solution for the @midasIIITD internship task is 26th March midnight. We will not acc‚Ä¶ https://t.co/9BMRhXfqw3
43,Sun Mar 24 18:26:02 +0000 2019,0,1109884092101754880,,4,RT @IIITDelhi: @IIITDelhi invites application from Foreign Nationals/PIOs/NRIs/OCIs for admission to its https://t.co/u6kIuhIrGM and https:‚Ä¶
44,Sun Mar 24 11:34:27 +0000 2019,4,1109780512330022918,,0,"One more week is left to submit the workshop proposal to @IEEEBigMM19. 
Looking forward to your submission. For any‚Ä¶ https://t.co/MeaYTlKGjg"
45,Sun Mar 24 06:23:37 +0000 2019,0,1109702288136781826,,5,RT @IEEEBigMM19: We are honored to have Dr. Chang Wen Chen (Chinese University Hong Kong @CUHKofficial ) and Dr. Roger Zimmermann (National‚Ä¶
46,Sun Mar 24 06:23:14 +0000 2019,0,1109702192439582722,,3,"RT @IEEEBigMM19: Distinguished researchers Dr. Rajiv Ratn Shah @RatnRajiv (@IIITDelhi , @midasIIITD ), Dr. Jianquan Liu (NEC Japan) and Dr.‚Ä¶"
47,Wed Mar 20 08:19:24 +0000 2019,1,1108281874164658182,,1,"@IEEEBigMM19 is also available on Facebook now. 
LIKE its Facebook page https://t.co/B3Q0zmmzXb  to get the regular‚Ä¶ https://t.co/z8tfXY3fHj"
48,Wed Mar 20 02:40:07 +0000 2019,0,1108196492139999233,,5,"RT @IEEEBigMM19: BigMM 2019 : IEEE BigMM 2019 ‚Äì Call for Workshop Proposals  

https://t.co/I4vqf8FE6K ‚Ä¶  
When: Sep 11, 2019 - Sep 13, 201‚Ä¶"
49,Mon Mar 18 02:27:47 +0000 2019,6,1107468609914208256,,3,"BigMM 2019 : IEEE BigMM 2019 ‚Äì Call for Workshop Proposals

https://t.co/oUq2G0UgKN

When: Sep 11, 2019 - Sep 13, 2‚Ä¶ https://t.co/HrZCI4APy9"
50,Sun Mar 17 14:22:04 +0000 2019,15,1107285980082569218,,4,"Congratulations @midasIIITD team, Rohan, Pradyumn, Ramit, @debanjanbhucs, @MADAIguy and @RatnRajiv for getting thei‚Ä¶ https://t.co/jDCOIOsl1M"
51,Sat Mar 16 14:06:56 +0000 2019,7,1106919781616091136,,0,We have emailed the task details to all shortlisted candidates for @midasIIITD internship. Kindly check the same.‚Ä¶ https://t.co/ku8O8HaoOe
52,Sat Mar 16 09:20:29 +0000 2019,2,1106847696327827456,,1,"IEEE BigMM 2019 - Call for Workshop Proposals. 

Contact @midasIIITD @RatnRajiv @debanjanbhucs if you have any quer‚Ä¶ https://t.co/EArExUYJE4"
53,Sat Mar 16 09:14:58 +0000 2019,7,1106846308021596161,,2,"Congratulations! Arijit, Ramit, @debanjanbhucs @RatnRajiv for your @NAACLHLT  @naacl SRW 2019 paper, ""Speak Up, Fig‚Ä¶ https://t.co/pc6pbJ9Iub"
54,Sat Mar 16 05:13:14 +0000 2019,7,1106785474146791424,,2,We will be releasing a very interesting task to shortlisted candidates for the internship at @midasIIITD today. You‚Ä¶ https://t.co/PfjjoTNaWQ
55,Wed Mar 13 17:09:44 +0000 2019,0,1105878620499644416,,2,"RT @hcdiiitd: Last day to register for #PortfolioCreationinDesign Workshop Indraprastha Institute of Information Technology, Delhi on 15th‚Ä¶"
56,Wed Mar 13 04:11:24 +0000 2019,1,1105682747916324865,,0,"@ACMMM19 @sigmm @TheOfficialACM @acmmmsys @ACMTVX @ACMICMR @euromm @Benoit_Huet @RatnRajiv @kelkalot 
We need to cl‚Ä¶ https://t.co/ZofTZ3UcvN"
57,Wed Mar 13 04:06:04 +0000 2019,0,1105681404845670401,,13,RT @ACMMM19: The paper deadline is approaching. 1 April abstract is due. Authors will have until 8 April to upload the final PDF version of‚Ä¶
58,Tue Mar 12 17:43:44 +0000 2019,0,1105524793024147458,,68,RT @kaggle: Bookmark this amazing library of image augmentations üòµ by #Kaggle Masters @AlBuslaev @creaf @viglovikov and @cvtalks | https://‚Ä¶
59,Tue Mar 12 14:37:55 +0000 2019,16,1105478029147553792,,4,Awesome members of our @midasIIITD team who are working on Humonics projects. Great to have you on our team.‚Ä¶ https://t.co/XEkcYO8KmW
60,Mon Mar 11 14:58:30 +0000 2019,0,1105120820081381378,,0,"@saanidhi @ACMMM19 Before Friday, 15th March."
61,Mon Mar 11 12:02:42 +0000 2019,4,1105076580253093894,,0,We are glad to inform that Adobe is launching Women‚Äôs day Tech-Challenge to hire female engineers from 2019 Batch u‚Ä¶ https://t.co/vpNJyiuuqZ
62,Mon Mar 11 11:54:38 +0000 2019,3,1105074548792348672,,0,"We will email tasks to all shortlisted candidates for an internship at @midasIIITD by Friday, 15th March. If you ar‚Ä¶ https://t.co/4TfRkzqpLu"
63,Mon Mar 11 06:22:12 +0000 2019,1,1104990888210714629,,1,"@ACMMM19 @ACM_MM2018 @acmmm17 @sigmm @ACM Less than three weeks are left for @ACMMM19 submission. 
Looking forward‚Ä¶ https://t.co/XDubCfjQDu"
64,Mon Mar 11 06:17:20 +0000 2019,0,1104989667034836992,,64,"RT @kdnuggets: Face Recognition using One-Shot Learning ‚Äì #DeepLearning
using DL architecture that works great with one-shot learning calle‚Ä¶"
65,Fri Mar 08 13:22:07 +0000 2019,1,1104009401428406278,,0,@AvinashSwamina2 @IIITDelhi No. They will be given tasks along with students who will be selected in the second round.
66,Fri Mar 08 13:15:34 +0000 2019,8,1104007755214413824,,4,We are in the process of finalizing the shortlisted candidates for internship at @midasIIITD which we have received‚Ä¶ https://t.co/DFMWvpSeMF
67,Wed Mar 06 13:44:11 +0000 2019,3,1103290177626296324,,0,@ylecun @NilayShri @the_dhumketu @debanjanbhucs will it be useful?
68,Wed Mar 06 11:12:30 +0000 2019,0,1103252005680631808,1.0,22,RT @kdnuggets: Python Data Science for Beginners https://t.co/yRExdmdZGh https://t.co/vRqTRuayO3
69,Sun Mar 03 19:36:04 +0000 2019,0,1102291568763887616,,36,RT @stanfordnlp: Useful feature of our Python stanfordnlp: get lemmas &amp; morphology in many languages. Le ski de fond touch√©‚Üílemma toucher f‚Ä¶
70,Sun Mar 03 17:09:48 +0000 2019,1,1102254758587297792,,0,"@NilayShri @NilayShri, Certain thing! The next team outing will be for lipreading team. 
Probably, just after @ACMMM19 submission."
71,Sun Mar 03 15:37:28 +0000 2019,9,1102231526123593729,,1,"At @midasIIITD, we not only work hard but also have fun. 
Today, we had a team (for Humonics sponsored projects) ou‚Ä¶ https://t.co/CmqbHYOcX8"
72,Sun Mar 03 14:55:31 +0000 2019,6,1102220968909398016,,2,"Considering several requests to extend the deadline for internship application, @midasIIITD at @IIITDelhi has decid‚Ä¶ https://t.co/wXHWiDrcG6"
73,Sun Mar 03 14:26:40 +0000 2019,0,1102213706677596162,,315,"RT @jeremyphoward: 39 studies about human perception in 30 minutes by @kennelliott 

Awesome article. If you do any visualization or comput‚Ä¶"
74,Sat Mar 02 17:43:05 +0000 2019,1,1101900749607337985,,0,Correction:   @midasIIITD at @IIITDelhi
75,Sat Mar 02 09:59:03 +0000 2019,7,1101783972382597121,,1,Thanks much to all aspirants who have applied for the summer internship 2019 at @midasIIITD at @midasIIITD. We have‚Ä¶ https://t.co/jPV4qjnXC5
76,Thu Feb 28 14:21:21 +0000 2019,0,1101125203357126658,1.0,4,RT @kdnuggets: Keras Hyperparameter Tuning in Google Colab Using Hyperas https://t.co/hmaI4ukJRX https://t.co/s3nTqqgnAb
77,Tue Feb 26 18:30:52 +0000 2019,0,1100463220408676354,,1,"RT @RatnRajiv: Great meeting with @midasIIITD alumnus, Sanket Jain today.
He was among first MTech students who worked with me at @IIITDelh‚Ä¶"
78,Tue Feb 26 03:40:22 +0000 2019,0,1100239121300090880,,0,"Correction: They have published the following paper only:

PROMPT: Personalized User Tag Recommendation for Social‚Ä¶ https://t.co/eBUbBzLFRO"
79,Mon Feb 25 16:10:46 +0000 2019,2,1100065577735839745,,1,"We will process all applications received by March 1, 2019 and notify all shortlisted candidates by March 3. 

If y‚Ä¶ https://t.co/J5J0Lgq1HP"
80,Sun Feb 24 03:39:40 +0000 2019,0,1099514169097838592,,8,"RT @ecsquendor: Jit Ghosh discusses the ""GloVe"" 2014 Stanford paper on word embeddings. This one was a great session! #paperreviewcalls #nl‚Ä¶"
81,Sat Feb 23 15:41:27 +0000 2019,0,1099333421812178951,,90,RT @goodfellow_ian: This CVPR workshop is looking for applications of computer vision in developing countries. You don't need to submit a f‚Ä¶
82,Fri Feb 22 11:54:49 +0000 2019,0,1098914003168813057,,8,"RT @IIITDelhi: PhD Admission 2019 are open now

Online applications starts from 20th February 2019 and the last date to apply is 14th March‚Ä¶"
83,Thu Feb 21 16:27:54 +0000 2019,0,1098620338441674752,,14,"RT @kdnuggets: #AI for Social Good study - how to inform policy, achieve interpretability, reduce bias and more -
include review of global‚Ä¶"
84,Thu Feb 21 06:39:27 +0000 2019,2,1098472248359432194,,1,"@IIITDelhi has initiated PhD Admission 2019 process (Regular Round).

Online applications start from 20th February‚Ä¶ https://t.co/cM1k4pNYy2"
85,Thu Feb 21 04:48:24 +0000 2019,0,1098444303196553221,,13,"RT @radamihalcea: We tend to focus mainly on creating learning algorithms, and yet there is so much that can be gained from unlearning. In‚Ä¶"
86,Wed Feb 20 07:09:19 +0000 2019,6,1098117378552999937,,3,"@RealAAAI @RatnRajiv Thanks, @RealAAAI for recognizing our efforts. 

Congratulations, @midasIIITD students for win‚Ä¶ https://t.co/S6gh6naEQX"
87,Wed Feb 20 05:38:29 +0000 2019,4,1098094519784898561,,2,"Deepak Gupta, has joined @Google today. 
Earlier this week, Anupam Samanta, has also joined Google. 
Both will be w‚Ä¶ https://t.co/Ifj9K2YIHi"
88,Tue Feb 19 17:16:24 +0000 2019,0,1097907765349998592,,15,RT @ACMMM19: We are pleased to announce the multimedia Grand Challenges that will be offered at ACM Multimedia in 2019. Check out the list;‚Ä¶
89,Tue Feb 19 04:29:33 +0000 2019,3,1097714785053958144,,2,"In addition to projects related to NLP and Multimedia systems, we have open positions for 3D animation interns too.‚Ä¶ https://t.co/Qmaqyc1B12"
90,Tue Feb 19 04:19:05 +0000 2019,0,1097712149592330241,,290,RT @technology: What could the manufacturing industry teach healthcare?
91,Tue Feb 19 04:18:53 +0000 2019,0,1097712098337972224,,21,RT @MSFTResearch: Dr. Layla El Asri wants you to be able to talk to your machine just like you‚Äôd talk to another person. That‚Äôs the easy pa‚Ä¶
92,Mon Feb 18 17:29:44 +0000 2019,11,1097548736257912834,,9,"To apply for @midasIIITD internship at @IIITDelhi, fill the following form: https://t.co/t54AZ9eo26  

Check more d‚Ä¶ https://t.co/n6bP8J51gc"
93,Mon Feb 18 05:37:59 +0000 2019,0,1097369615951253504,,6,"RT @CornellDyson: Digital ag is Cornell‚Äôs newest radical collaboration initiative‚Üíhttps://t.co/hVXSnoSbnS
#DigitalAg #Cornell @CornellNews‚Ä¶"
94,Sun Feb 17 17:22:06 +0000 2019,0,1097184424100163584,,51,RT @odsc: Introduction to StanfordNLP: a state-of-the-art NLP library for 53 languages @StanfordNLP #DataScience #NLP #NaturalLanguageProce‚Ä¶
95,Sun Feb 17 09:02:28 +0000 2019,3,1097058690971066368,,1,"Looking forward to your participation in Multimedia Grand Challenges of @ACMMM19 

Several interesting challenges a‚Ä¶ https://t.co/YmXiw41j9z"
96,Sun Feb 17 08:49:36 +0000 2019,1,1097055452767019008,,0,Consider attending National Workshop on Intelligent Multimodal Interfaces (NWIMI) at Indian Institute of Technology‚Ä¶ https://t.co/sDi8fdT9oi
97,Sun Feb 17 06:39:30 +0000 2019,1,1097022711434436608,,1,Submissions are invited for a special issue of Cognitive Computation (Impact Factor: 3.479) on Affect Recognition i‚Ä¶ https://t.co/LkQb24vcGU
98,Sat Feb 16 16:57:51 +0000 2019,0,1096815936986705921,,1,RT @debanjanbhucs: https://t.co/qNFzJ7ZHki
99,Fri Feb 15 08:22:23 +0000 2019,0,1096323826986569728,,13,"RT @MSFTResearch: Congratulations to Manik Varma, @iitdelhi's Himanshu Jain, Venkatesh Balasubramanian and Bhanu Chunduri for winning the B‚Ä¶"
100,Thu Feb 14 15:56:14 +0000 2019,14,1096075652149608448,,4,"Congratulations! Anupam Samanta on joining @Google as a software engineer. 

Anupam worked with @midasIIITD head, D‚Ä¶ https://t.co/z9iljs6EP6"
101,Wed Feb 13 18:56:13 +0000 2019,0,1095758559403376641,1.0,5,RT @kdnuggets: Using BERT for state-of-the-art pre-training for natural language processing https://t.co/wAyERwPw3r https://t.co/ghPTpClh3p
102,Wed Feb 13 15:54:52 +0000 2019,0,1095712919881273344,,11,RT @ACMMM19: Attention authors of ACM MultiMedia 2018 and 2017 main conference papers. Submit a reproducibility paper to ACMMM 2019 https:/‚Ä¶
103,Wed Feb 13 05:56:05 +0000 2019,0,1095562234699247622,1.0,11,"RT @kdnuggets: 9 Must-have skills you need to become a Data Scientist, updated https://t.co/OeeComtoWu https://t.co/DGq5qrQefc"
104,Thu Feb 07 19:21:52 +0000 2019,1,1093590688787099648,,1,"@ACMMM19 @ACM Just one week is left for workshop proposal. Kindly consider submitting it. 
@midasIIITD‚Ä¶ https://t.co/BwEX4Q2x2t"
105,Thu Feb 07 15:49:59 +0000 2019,0,1093537365836984321,,0,"@NilayShri @the_dhumketu Thanks, @NilayShri for sharing. 
Indeed a very good work."
106,Thu Feb 07 15:49:08 +0000 2019,0,1093537153219321863,,1,RT @NilayShri: @midasIIITD @the_dhumketu this seems to be the 'trend' https://t.co/m6YfyTtwfX
107,Thu Feb 07 06:23:10 +0000 2019,0,1093394720863117312,,53,"RT @kdnuggets: Machine Learning in Python by @PyImageSearch
""Struggling to get started with machine learning using Python? In this step-by-‚Ä¶"
108,Wed Feb 06 11:26:25 +0000 2019,0,1093108650313465856,,35,RT @Cambridge_Uni: .@DeepMindAI and @Cambridge_Trust  are offering scholarships to under-represented students to study computer science. Op‚Ä¶
109,Tue Feb 05 18:32:54 +0000 2019,0,1092853590929092608,,212,"RT @GoogleAI: Google AI  and @DeepMindAI researchers have open-sourced the Hanabi Learning Environment, a testbed for collaborative multi-a‚Ä¶"
110,Tue Feb 05 17:45:09 +0000 2019,0,1092841572553670656,,0,Edit: In the updated leaderboard we are now ranked 10th in the suggestion mining task! Thanks for updates @isarth23
111,Tue Feb 05 17:44:27 +0000 2019,4,1092841394975186945,,0,"Congratulations! @isarth23. 
It is our pleasure to work with you. 
You are a gem of @midasIIITD. https://t.co/mOJQyhd26K"
112,Tue Feb 05 12:09:44 +0000 2019,5,1092757161934024710,,1,"In addition to OffensEval task, @midasIIITD has also performed well in the suggestion mining task (‚Ä¶ https://t.co/Vs35HbjxlU"
113,Tue Feb 05 11:55:41 +0000 2019,1,1092753624596393984,,1,"Thanks, Karan Uppal and @RatnRajiv for all your support."
114,Tue Feb 05 11:06:31 +0000 2019,4,1092741250938093569,,3,"@midasIIITD performance in OffensEval 2019 (SemEval 2019 - Task 6).

In subtask-A, we came 5th out of 103 teams
In‚Ä¶ https://t.co/nm6QEgp1EE"
115,Mon Feb 04 12:16:16 +0000 2019,0,1092396416603807747,,39,RT @ProfAnirban: One of the biggest obstacles to the adoption of #NLP and cognitive #AI is the lack of pretrained models in languages other‚Ä¶
116,Mon Feb 04 10:58:53 +0000 2019,0,1092376943855456256,,4,"RT @IIITDelhi: Students of @midasIIITD lab won the best student poster award at 33rd @RealAAAI 2019 conference in Honolulu, Hawaii for the‚Ä¶"
117,Sat Feb 02 05:05:16 +0000 2019,7,1091563177358180352,,3,"@RealAAAI 2019 summary for @midasIIITD.
1 paper in main conference, 1 paper in EAAI, 2 papers published in student‚Ä¶ https://t.co/NsZ70KKP9P"
118,Fri Feb 01 07:46:57 +0000 2019,3,1091241477395558400,,1,"@the_dhumketu @RealAAAI Congrats! Raghav, Kshitij, and @the_dhumketu for the best student poster award!
Congrats‚Ä¶ https://t.co/juj3RGiGU8"
119,Fri Feb 01 07:30:53 +0000 2019,24,1091237437383290880,,3,"Our paper titled, ""Mind Your Language: Abuse and Offence Detection for Code-Switched Languages"", won the best stude‚Ä¶ https://t.co/hV7uchpmWE"
120,Fri Feb 01 03:15:27 +0000 2019,0,1091173154012057601,,8,"RT @PeterMartigny: Very interesting talk by @ChenguangZhu2 at the @stanfordnlp seminar on SDNet, a new architecture for conversational ques‚Ä¶"
121,Fri Feb 01 03:13:23 +0000 2019,0,1091172632664236032,,2,"RT @NilayShri: @midasIIITD @RatnRajiv
@the_dhumketu 
https://t.co/PkUa18lF8p"
122,Thu Jan 31 06:57:04 +0000 2019,1,1090866537211150336,,1,CFP for @ACMMM19 has been posted on WikiCFP. Kindly share with your colleagues and submit your work to #ACMMM 2019.‚Ä¶ https://t.co/U2tLyg1Gjm
123,Thu Jan 31 05:50:19 +0000 2019,4,1090849741104009217,,2,"@midasIIITD Lab is pleased to share our novel work titled, Harnessing GANs for Addition of New Classes in VSR (‚Ä¶ https://t.co/BkSMWfWX8H"
124,Thu Jan 31 05:32:43 +0000 2019,0,1090845310346121217,,2,"RT @RatnRajiv: If you are attending @RealAAAI and liked our work, Lipper, for speech reconstruction from silent videos using lipreading the‚Ä¶"
125,Wed Jan 30 19:46:11 +0000 2019,0,1090697705985212418,,2,"RT @RatnRajiv: Great to be part of this year's accepted papers at @RealAAAI from India. Out of 25 papers from India, 6 from @IIITDelhi. 
Co‚Ä¶"
126,Wed Jan 30 17:18:40 +0000 2019,0,1090660579394502657,1.0,11,RT @MIT: Want to squelch fake news? Let the readers take charge https://t.co/Jusr6TMUse https://t.co/KDHmFDP9aE
127,Wed Jan 30 05:00:29 +0000 2019,3,1090474810872721408,,1,"If you are attending @RealAAAI 2019 at Honolulu, Hawaii, USA then attend our talk in the Student Abstract Session f‚Ä¶ https://t.co/QPyeEUKWws"
128,Tue Jan 29 19:42:10 +0000 2019,5,1090334303852982272,,2,"If you are attending @RealAAAI 2019 then visit following sessions for our papers.

3. Lipper: Synthesizing Thy Spee‚Ä¶ https://t.co/C4G5ldlFt4"
129,Tue Jan 29 19:39:29 +0000 2019,3,1090333632026181632,,1,"If you are attending @RealAAAI 2019 then visit following sessions for our papers.

2. Lipper: Speaker Independent S‚Ä¶ https://t.co/ytddMaL0V3"
130,Tue Jan 29 19:31:35 +0000 2019,2,1090331641250074624,,1,"If you are attending @RealAAAI 2019 then visit following sessions for our papers.

1. Mind Your Language: Abuse and‚Ä¶ https://t.co/i1q32HQSGM"
131,Tue Jan 29 18:05:01 +0000 2019,5,1090309858891489281,,2,"@TechAtBloomberg @debanjanbhucs It is a great experience to work with @debanjanbhucs.
@midasIIITD looks forward to‚Ä¶ https://t.co/RgwF3FZdki"
132,Tue Jan 29 18:03:31 +0000 2019,0,1090309478040272896,,5,RT @TechAtBloomberg: Learn more about the collaborative efforts of researchers @debanjanbhucs &amp; Daniel Preo≈£iuc-Pietro w/ academics around‚Ä¶
133,Tue Jan 29 17:52:23 +0000 2019,0,1090306677730041856,,2,RT @debanjanbhucs: We as researchers working at Bloomberg also get opportunities to collaborate with academia. Here are the outcomes of two‚Ä¶
134,Tue Jan 29 14:52:24 +0000 2019,0,1090261382652616704,1.0,32,"RT @kdnuggets: 7 Steps to Mastering Basic Machine Learning with Python ‚Äî 2019 Edition
 https://t.co/yZExGjOVWH https://t.co/sJC8p2kTyp"
135,Tue Jan 29 05:17:27 +0000 2019,3,1090116692531769345,1.0,1,"@TechAtBloomberg @debanjanbhucs @IIITDelhi @RatnRajiv Congrats, team @midasIIITD! https://t.co/ncsgSUusUb"
136,Tue Jan 29 04:40:47 +0000 2019,0,1090107463888601088,,5,"RT @TechAtBloomberg: #Textanalytics researcher @debanjanbhucs joins @IIITDelhi's @RatnRajiv &amp; other co-authors to present ""Get IT Scored us‚Ä¶"
137,Mon Jan 28 12:11:29 +0000 2019,0,1089858498945519616,,8,RT @kdnuggets: Top 16 #OpenSource #DeepLearning Libraries and Platforms #KDN https://t.co/TycxmMSCWs
138,Mon Jan 28 12:11:13 +0000 2019,0,1089858430578450434,,20,"RT @Princeton: Using data from more than 6,000 patients, @EPrinceton researchers applied #machinelearning methods to design a system that c‚Ä¶"
139,Mon Jan 28 12:10:37 +0000 2019,0,1089858282804649984,,67,RT @CornellBirds: In 1929 Cornell Lab founder Arthur Allen made the very first recordings of wild birds. Follow @MacaulayLibrary as they sh‚Ä¶
140,Fri Jan 25 08:56:54 +0000 2019,0,1088722366258020352,,141,"RT @seb_ruder: Natural Questions: A new QA dataset consisting of 300,000+ naturally occurring questions (posed to Google search) with human‚Ä¶"
141,Thu Jan 24 15:43:25 +0000 2019,0,1088462283624275969,,24,RT @kdnuggets: 10 More #Free Must-Read #Books for #MachineLearning and #DataScience #KDN https://t.co/EtMyAJFl6d
142,Thu Jan 24 15:42:59 +0000 2019,0,1088462175721553920,1.0,25,RT @kdnuggets: How to build an API for a machine learning model in 5 minutes using Flask https://t.co/VFN7NmCqTu https://t.co/oZ8rXEGM5w
143,Wed Jan 23 10:24:14 +0000 2019,0,1088019570743377920,,0,@ACMMM19 @ACM @abhinavdhall consider submitting your proposal.
144,Wed Jan 23 10:23:34 +0000 2019,0,1088019402107248641,,10,RT @ACMMM19: Jump start your @ACM #Multimedia workshop submission... First workshop titles are now online https://t.co/S9ZSaJTH1a But also‚Ä¶
145,Tue Jan 22 14:04:40 +0000 2019,1,1087712654548856833,,1,"@NUSComputing Congratulations! Yaman @the_dhumketu , Roger, Yifang, @RatnRajiv, Rohit, and Salik."
146,Tue Jan 22 14:02:51 +0000 2019,3,1087712199836033024,,1,"‚ö°Ô∏è ‚ÄúAchievements‚Äù

https://t.co/LvZt1GTY4C"
147,Tue Jan 22 13:58:08 +0000 2019,0,1087711009802833920,,2,RT @NUSComputing: A/P Roger Zimmermann and his collaborators from IIIT Delhi developed a lipreading system that produces audio from lip mov‚Ä¶
148,Mon Jan 21 16:29:31 +0000 2019,9,1087386718485925888,,1,"Welcome one member to our @midasIIITD family, SkyWalker. 
It will strengthen our team with Falcon. 

#midas #server‚Ä¶ https://t.co/IIZ8ZhVDJg"
149,Mon Jan 21 15:19:33 +0000 2019,6,1087369111691190278,,2,Dr @RatnRajiv Shah delivered a research talk in the National Symposium on Natural Languages Processing and Artifici‚Ä¶ https://t.co/YnxUtsbalX
150,Mon Jan 21 09:33:03 +0000 2019,0,1087281914526949376,,9,"RT @Scott__Hubbard: Don't miss this new article from @ted_dunning, who presents practical methods for near real-time monitoring of machine‚Ä¶"
151,Mon Jan 21 09:32:03 +0000 2019,0,1087281661295775744,,37,RT @kaggle: Stuck inside with stir-crazy kids? üò´ü§íüòµCheck out these downloadable machine learning projects designed for kids aged 8-16 üëâhttps‚Ä¶
152,Mon Jan 21 06:54:14 +0000 2019,0,1087241945561190400,,0,"@Princeton @nyuniversity @nytimes Team @midasIIITD, do we have the same trend in India?"
153,Sun Jan 20 05:49:19 +0000 2019,0,1086863219157753856,,77,RT @Harvard: Researchers find connections between worry and the development of heart disease https://t.co/yQ4miy8DHI
154,Sat Jan 19 18:15:35 +0000 2019,0,1086688636945354753,,8,"RT @Stanford: Researchers across Stanford are exploring ways to predict and prevent preterm births, and to improve care for the highest-ris‚Ä¶"
155,Sat Jan 19 09:59:16 +0000 2019,7,1086563736830132224,,2,"Meet our members of @midasIIITD .

https://t.co/2PFbtoDtDR

We welcome new members to our group. 

MIDAS is a group‚Ä¶ https://t.co/wpUTuw9Lf4"
156,Sat Jan 19 03:27:33 +0000 2019,0,1086465154638798848,1.0,9,RT @kdnuggets: How to Monitor Machine Learning Models in Real-Time https://t.co/9UpYVzlQWI https://t.co/9lK9eoOVWe
157,Fri Jan 18 10:25:41 +0000 2019,6,1086207995216719873,,0,"Congratulations! @Leomi7 @ashualloy @RatnRajiv Ayush, Himanshu, Aditya, Deepanshu, @isarth23 @rgrgrajat1"
158,Fri Jan 18 10:17:02 +0000 2019,0,1086205819744542721,,20,RT @jasonbaumgartne: #Pushshift is happy to announce a new dataset for your ML / NLP / Research pleasure -- Data for over 340+ Stackexchang‚Ä¶
159,Fri Jan 18 10:16:26 +0000 2019,10,1086205666908266496,,2,"Proceedings of FIRE 2018 is online now at https://t.co/vzLpwVp1Qb
Our 4 papers are:
1. Fully Automatic Approach to‚Ä¶ https://t.co/UzZiKlthB9"
160,Thu Jan 17 04:04:16 +0000 2019,0,1085749621484179456,,26,RT @hseas: Only 20 percent of pediatric cancer patients in lower- and middle-income countries will survive. Engineering students partnered‚Ä¶
161,Thu Jan 17 04:03:55 +0000 2019,0,1085749533315723264,,11,RT @Cornell: Can virtual reality transform medicine? Psychologist JoAnn Difede @WeillCornell began using #VR with soldiers and survivors fr‚Ä¶
162,Sun Jan 13 16:45:48 +0000 2019,0,1084491715816218624,1.0,20,RT @kdnuggets: Explainable Artificial Intelligence https://t.co/rllNxnm73U https://t.co/mAYFPMJF8P
163,Sun Jan 13 16:40:46 +0000 2019,0,1084490450579279874,,0,@abhinavdhall @RatnRajiv Emailed you.
164,Sun Jan 13 16:03:25 +0000 2019,0,1084481048891731973,,41,"RT @kdnuggets: A comprehensive list of #MachineLearning Resources: Open Courses, Textbooks, #Tutorials, Cheat Sheets and more #KDN https://‚Ä¶"
165,Sun Jan 13 07:19:19 +0000 2019,6,1084349153566543872,,1,Call for Book Chapter- Springer- Deep learning based approaches for sentiment analysis. Contact for more details.‚Ä¶ https://t.co/LgtvlSpETQ
166,Sat Jan 12 14:37:07 +0000 2019,0,1084096944765493248,,48,RT @Stanford: The average woman is exposed to four medications during her pregnancy and over 80 percent of medications haven‚Äôt been studied‚Ä¶
167,Thu Jan 10 08:51:20 +0000 2019,1,1083285146621624321,,0,@harvardmed @Harvard Another interesting direction to our previous work @MADAIguy @Leomi7
168,Thu Jan 10 08:50:35 +0000 2019,0,1083284960541208576,,27,RT @harvardmed: A first-of-its-kind strategy aims to improve outcomes for kidney cancer patients who are at high risk of recurrence followi‚Ä¶
169,Thu Jan 10 08:48:17 +0000 2019,0,1083284382192787456,,3,"RT @RatnRajiv: Fortunate to have appreciation from my former NUS professor, Dr. Terence Sim.
He also appreciated our @RealAAAI
2019 paper o‚Ä¶"
170,Wed Jan 09 02:05:06 +0000 2019,0,1082820527427735552,,9,RT @Harvard: The study provides potential future targets for drug development to treat osteoporosis https://t.co/YhfrOovdbO
171,Mon Jan 07 09:05:12 +0000 2019,0,1082201475504267265,,16,"RT @UniofOxford: In the final episode of series one of our Futuremakers podcast series, hear from Professor Sir @Nigel_Shadbolt on where th‚Ä¶"
172,Sun Jan 06 12:54:06 +0000 2019,1,1081896689810567168,,0,"@ACMMM19: Call for Workshop Proposals 

Deadline: Friday 15 February 2019

https://t.co/vpdx97ucNP

#ACMMM19‚Ä¶ https://t.co/tsZdIKtonM"
173,Sun Jan 06 04:29:25 +0000 2019,1,1081769684570058752,,0,"@ACMMM19: Call for Grand Challenge Proposals

Deadline: Tuesday 8 January 2019

Check more details at-‚Ä¶ https://t.co/MHDI87AXTv"
174,Sun Jan 06 04:09:54 +0000 2019,5,1081764771081285632,,1,"Since 1993, ACM Multimedia has been bringing together researchers and practitioners from academia and industry to p‚Ä¶ https://t.co/dgqhsabXtF"
175,Sun Jan 06 04:07:29 +0000 2019,1,1081764163171446785,,0,"@ACMMM19 is structured around four themes (alphabetical):

Engaging users with multimedia
Multimedia experience
Mul‚Ä¶ https://t.co/WBVqNC0j90"
176,Sun Jan 06 04:05:38 +0000 2019,4,1081763698648113152,,2,"ACM Multimedia 2019: First Call for Papers/Call for Contributions
@ACMMM19 is the premier international conference‚Ä¶ https://t.co/jYb2y1ri2x"
177,Thu Jan 03 06:14:05 +0000 2019,0,1080708859033989120,,2,RT @ACMMM19: Happy new year! 2019 started with a bang. Thanks to everyone working to help resolve the ACM webserver hack issues. Please wat‚Ä¶
178,Tue Jan 01 17:21:49 +0000 2019,4,1080152125630500864,,2,"You may follow @midasIIITD updates through following:

Website: https://t.co/sPvbKhflKQ
Facebook:‚Ä¶ https://t.co/n0lhKok55x"
179,Tue Jan 01 17:17:56 +0000 2019,14,1080151147434913793,,5,"Today, @midasIIITD completed one year at @IIITDelhi. In last one year, we have shown our strong presence in researc‚Ä¶ https://t.co/UPFHOJOVne"
180,Tue Jan 01 16:14:24 +0000 2019,0,1080135158295154689,,4,RT @debanjanbhucs: Happy anniversary to @midasIIITD . It surely has been a productive year for us and hope to see some ground breaking work‚Ä¶
181,Thu Dec 27 10:28:31 +0000 2018,2,1078236176740282369,,1,Two Research Assistant (RA) positions are still open. Contact us if you are eligible and interested to work on the‚Ä¶ https://t.co/pWwA5lBwUk
182,Thu Dec 27 09:59:06 +0000 2018,5,1078228773554667520,,3,Positions for two Research Assistants (RA) are still open at @midasIIITD. Interested candidates may send their CV a‚Ä¶ https://t.co/YyIFinU41I
183,Thu Dec 27 02:33:58 +0000 2018,0,1078116750439243776,,12,"RT @TCoolsIT: I wrote a blogpost on CoreNLP highlighting some of its functionality. If you want a quick dip before diving into the course,‚Ä¶"
184,Wed Dec 26 09:41:04 +0000 2018,14,1077861845652824065,,2,"@RatnRajiv delivered a research talk at the Central Research Laboratories of NEC Corporation, Japan. He discussed s‚Ä¶ https://t.co/nQiLhO9zkD"
185,Tue Dec 25 04:15:15 +0000 2018,1,1077417463258566656,,0,@midasIIITD look forward to work together. https://t.co/nrpf32ODo2
186,Tue Dec 25 03:00:21 +0000 2018,2,1077398614966599680,,1,"@the_dhumketu @punnibhai @Hitkul_, FYI. https://t.co/yZb9mdr6IB"
187,Mon Dec 24 07:39:21 +0000 2018,0,1077106437673803776,,11,RT @iiit_hyderabad: KCIS Distinguished Lecture by Andrew Zisserman on Learning from Sight and Sound. Three-time Marr Prize winner Zisserman‚Ä¶
188,Fri Dec 21 03:50:39 +0000 2018,0,1075961723322945536,,32,"RT @StanfordAILab: Our latest blog post is out! 

Check it out for a recording and summary of highlights from the event ""AI and the Future‚Ä¶"
189,Thu Dec 20 18:05:35 +0000 2018,0,1075814483304448000,,8,"RT @medialab: In two new papers, @PratikShahPhD and collaborators present novel #AI and machine learning methods to improve diagnosis at th‚Ä¶"
190,Thu Dec 20 06:14:52 +0000 2018,0,1075635627293519874,,3,RT @RatnRajiv: Wonderful get together with our NII colleagues. Prior to that we had a wonderful talk with Prof Chua Tat-Seng from National‚Ä¶
191,Wed Dec 19 02:16:31 +0000 2018,2,1075213255818104832,,3,@ACMMM19 is the premier international conference in the area of multimedia within the field of computer science. Mu‚Ä¶ https://t.co/8lKiTK7FBY
192,Tue Dec 18 14:42:27 +0000 2018,3,1075038589505990656,,2,Feel free to contact us if you have any query on @ACMMM19. We look forward to your submissions to ACM Multimedia co‚Ä¶ https://t.co/616EFI1MVE
193,Tue Dec 18 14:27:12 +0000 2018,3,1075034751575048192,,0,@NilayShri @RatnRajiv @ACMMM19 Looking forward to your paper to @ACMMM19.
194,Tue Dec 18 14:15:32 +0000 2018,12,1075031814996090887,,5,"@midasIIITD head, Dr. @RatnRajiv appointed as one of the publicity co-chairs for @ACMMM19. ACM Multimedia is the pr‚Ä¶ https://t.co/QIGDlmunLN"
195,Tue Dec 18 12:34:10 +0000 2018,1,1075006305620832256,,0,@ACMMM19 @the_dhumketu fill the volunteer form for reviewer.
196,Tue Dec 18 12:33:42 +0000 2018,0,1075006188100608000,,7,RT @ACMMM19: New in 2019! Volunteer to serve as ACM Multimedia Area Chair or Reviewer. Please provide information on your qualifications in‚Ä¶
197,Tue Dec 18 04:38:35 +0000 2018,0,1074886619369336832,,3,"RT @IIITDelhi: Congratulations! authors Yaman @the_dhumketu, @RatnRajiv, and team @midasIIITD for winning the best poster runner-up at 20th‚Ä¶"
198,Mon Dec 17 16:57:00 +0000 2018,14,1074710061958627328,,4,"Best wishes to @midasIIITD students @_himanshu0113, @Hitkul_, and Shivangi on starting their research internship at‚Ä¶ https://t.co/tL35MUcQvR"
199,Mon Dec 17 15:05:44 +0000 2018,0,1074682060990701568,,20,"RT @MIT: Computer model could improve human-machine interaction, provide insight into how children learn language. https://t.co/ToQo6GTMcG‚Ä¶"
200,Mon Dec 17 14:37:00 +0000 2018,0,1074674829691826177,,20,"RT @kdnuggets: Great @Wired interview with Geoff #Hinton on #AI risks, explanation, Graphcore chips, brain vs neural nets, and why there wi‚Ä¶"
201,Mon Dec 17 14:05:47 +0000 2018,0,1074666971877101568,,167,RT @harvardmed: A defective metabolic pathway in aging immune cells may explain why the elderly commonly experience weakened immunity https‚Ä¶
202,Sun Dec 16 15:01:20 +0000 2018,0,1074318566822834176,,10,RT @stanfordnlp: Thread on (neural) reasoning. üëá https://t.co/kyJs5xztwA
203,Wed Dec 12 03:56:19 +0000 2018,16,1072701656045772800,1.0,3,"Congratulations! Yaman @the_dhumketu, Rohit, Salik, Yifang, Roger, @RatnRajiv for winning the best poster runner-up in 20th IEEE International Symposium on Multimedia (ISM) conference in Taichung, Taiwan.

Great work team @midasIIITD MIDAS and @IIITDelhi. 

#multimedia #ieee #ism https://t.co/zZk21IBAS1"
204,Sat Dec 01 15:24:51 +0000 2018,20,1068888664422240257,1.0,4,"Yaman @the_dhumketu presented our idea of reconstructing speech from silent videos based on lip movements in the ""Brave New Idea"" session of ACM Multimedia 2018 in Seoul, South Korea. 
A proud moment for @midasIIITD since it is one of the only five selected papers.
#Congrats https://t.co/vEN9WFwMJQ"
205,Wed Nov 21 04:08:34 +0000 2018,11,1065094595229491200,1.0,10,"Several Research Assistant and Intern positions are available at @midasIIITD lab. Check https://t.co/tfdisnpfw1 for more details. 

#RA #internship #research #ML #ComputerVision #SpeechProcessing https://t.co/vaTjL3yk9S"
206,Tue Nov 20 09:05:09 +0000 2018,0,1064806843262763010,1.0,10,RT @kdnuggets: Variational Autoencoders Explained ‚Äì Towards Data Science https://t.co/g2HC2ne5DW https://t.co/CHkAMeYoNz
207,Mon Nov 19 10:23:49 +0000 2018,2,1064464254110060544,,4,"Positions for research assistants and interns are open at the @midasIIITD Lab. Check https://t.co/tfdisn7E7r for more details.  

Check more details of MIDAS at https://t.co/pibbLXnvMh

Last date: 28 Nov 2018

#RA #MIDAS #Opening #Internship"
208,Mon Nov 05 19:33:31 +0000 2018,7,1059529161444900865,1.0,2,"Congratulations @Leomi7 Meghna, @punnibhai Puneet, @RatnRajiv, and Dr. Shree Gopal Sharma for getting your paper, Exploring Classification of Histological Disease Bio-markers from Renal Biopsy Images, accepted to IEEE Winter Conference on Applications of Computer Vision (WACV). https://t.co/ho0IH1xcD0"
209,Fri Nov 02 04:31:26 +0000 2018,4,1058214981714378753,,3,"Application for Ph.D. admission at @IIITDelhi is open now. 
Check more details at https://t.co/qZ21U9ugwg.
Deadline: 16 Nov 
#PhD #Admission #IIITD"
210,Fri Nov 02 04:08:47 +0000 2018,0,1058209278736113664,,39,RT @NirantK: 1/n The Wonderful World of Fine Tuned Language Models. Threadüëá
211,Thu Nov 01 03:20:32 +0000 2018,0,1057834747743928320,,2,"RT @the_dhumketu: My 2 full papers and 2 student papers selected in @RealAAAI !!
@midasIIITD Rocks!! 
Thanks @RatnRajiv , @debanjanbhucs 
#‚Ä¶"
212,Wed Oct 31 04:49:32 +0000 2018,0,1057494757558108160,,0,"@the_dhumketu @sundarpichai @GoogleAI @Googleorg @RatnRajiv We will be very happy to contribute for the same. 
The theme of our lab @midasIIITD is the same, AI for social good. 
Hope to work with @GoogleAI for the same."
213,Mon Oct 29 08:47:07 +0000 2018,9,1056829772444114945,,4,"Two @midasIIITD interns, @Leomi7 and Sahil Chopra, are attending EMNLP 2018 to present our papers. Best wishes to them for their first and the best NLP conference visit. 

#EMNLP #WASSA @SMM4H #AWL #WMT #NLP #Interns #Research"
214,Sun Oct 28 03:25:51 +0000 2018,1,1056386535950495744,,0,"Need Help Getting Started with Applied Machine Learning? All ML beginners should go through it first. 

https://t.co/ORpdNPubOw

Thanks, @Hitkul_ for sharing."
215,Sun Oct 28 02:48:34 +0000 2018,14,1056377151451099137,,4,"Two student papers got accepted at AAAI despite this year 70% more submissions and the number of accepted papers same than the last year.
1. Mind your Language: Abuse and Offense Detection for Code-Switched Languages 
2. Lipper: Speaker Independent Lipreading
Congrats @midasIIITD"
216,Wed Oct 24 11:41:59 +0000 2018,4,1055061838956621825,,0,"Another #ACMMM18 paper titled, ""Learning and Fusing Multimodal Deep Features for Acoustic Scene Categorization"", is online now at https://t.co/uVATECqxVT

#ACMMM18 #ACMMM #Multimedia #MIDAS"
217,Wed Oct 24 11:39:32 +0000 2018,1,1055061224717660166,,0,"Our paper on ""Harnessing AI for Speech Reconstruction using Multi-view Silent Video Feed"" is online now at https://t.co/dHex1leFw8

You may see the demo at https://t.co/SIpbFRhonq 

#ACMMM18 #ACMMM #Multimedia #MIDAS"
218,Mon Oct 22 03:54:29 +0000 2018,0,1054219413048696832,,2,"RT @debanjanbhucs: One of our papers on ""Detection of Personal Intake of Medicine from Twitter"" published in IEEE Intelligent Systems Journ‚Ä¶"
219,Wed Oct 17 09:07:33 +0000 2018,4,1052486262211383301,,0,"Training Neural Nets on Larger Batches: Practical Tips for 1-GPU, Multi-GPU &amp; Distributed setups  
https://t.co/nAELMYGCie"
220,Wed Oct 17 07:10:25 +0000 2018,0,1052456782570971136,,0,"@smnh_azadi @goodfellow_ian FYI, @the_dhumketu"
221,Wed Oct 17 07:09:47 +0000 2018,0,1052456623959142400,,45,RT @smnh_azadi: Apply this simple rejection sampling technique to get rid of the bad samples generated by your GAN model. https://t.co/Mcfi‚Ä¶
222,Wed Oct 17 07:08:59 +0000 2018,0,1052456423714680838,,0,@UniofOxford @turinginst Check @Leomi7 @punnibhai
223,Wed Oct 17 07:07:43 +0000 2018,0,1052456105379590144,,16,"RT @soujanyaporia: We are making available a large multimodal multiparty dataset, manually annotated for emotion and sentiment. With D. Haz‚Ä¶"
224,Tue Oct 16 17:45:30 +0000 2018,0,1052254219661701127,,0,"Thank you, Dr. Debanjan Mahata @debanjanbhucs https://t.co/vXGHxkd2T3"
225,Tue Oct 16 03:44:19 +0000 2018,0,1052042526914486272,,2,"RT @mr2amc: Dear Colleagues, 

3 more days to go.
@mr2amc  Deadline extended until Oct 18 Please consider submitting your research contribu‚Ä¶"
226,Mon Oct 15 11:09:59 +0000 2018,0,1051792295958179841,,2,"RT @AKASH_2907: My internship experience @midasIIITD during summer 2018.
‚ÄúContent-based Video Relevance Prediction‚Äù https://t.co/rqovlLUSI7"
227,Mon Oct 15 11:09:53 +0000 2018,0,1051792269827657728,,0,"@AKASH_2907 @AKASH_2907, it was great having you at @midasIIITD. 
We hope it was a great learning experience for you. 
We wish your submitted paper will get accepted soon."
228,Sat Oct 13 13:50:07 +0000 2018,5,1051107821658484736,,2,"The demo of our MyLipper system which got accepted to the 20th IEEE International Symposium on Multimedia 2018 conference is as follows: https://t.co/SIpbFQZNvS. 

Thank you, @the_dhumketu , Rohit, and Salik for the great work. 

#Demo #MyLipper #ISM #MIDAS #IIITD #Multimedia"
229,Fri Oct 12 17:50:10 +0000 2018,5,1050805843984244737,,1,"Congratulations Yaman @the_dhumketu, Rohit, Salik, and Dr. Shah @RatnRajiv on getting their paper titled, ""MyLipper : A Personalized System for Speech Reconstruction using Multi-View Visual Feeds"", accepted to the 20th IEEE International Symposium on Multimedia (ISM) conference."
230,Fri Oct 12 03:48:01 +0000 2018,0,1050593910030880768,,2,"RT @mr2amc: Dear Colleagues,
@mr2amc Deadline extended until Oct 18, 2018.
Please consider submitting your research contribution to the 2nd‚Ä¶"
231,Fri Oct 12 03:37:46 +0000 2018,10,1050591330005475328,,3,"Congratulations Puneet Mathur @punnibhai , Meghna Ayyar @Leomi7, Dr. Rajiv Ratn Shah @RatnRajiv, and Dr. Shree Gopal Sharma on getting their paper (Harnessing AI for Kidney Glomeruli Classification) accepted to 20th IEEE International Symposium on Multimedia. 
#ISM #MIDAS #IIITD"
232,Wed Oct 10 17:56:45 +0000 2018,7,1050082725124702208,,1,"MTech and Ph.D. students of @IIITDelhi, if you are interested in pursuing 6 months research internship at National Institute of Informatics (NII), Japan then you may contact @midasIIITD founder Dr. @RatnRajiv for the same. 

Last date: 31 Oct

#research #internship #tokyo #japan"
233,Tue Oct 09 17:25:48 +0000 2018,13,1049712545219661824,1.0,3,"Thank you, @nvidia for your support. https://t.co/teGlvxhCKr"
234,Sat Oct 06 15:22:39 +0000 2018,0,1048594389692370944,,1,"RT @mr2amc: MR2AMC'18: Multimodal Representation, Retrieval, and Analysis of Multimedia Content in Social Media       
Deadline: October 7,‚Ä¶"
235,Sun Sep 30 07:22:30 +0000 2018,0,1046299228815781889,,575,"RT @OriolVinyalsML: Best GAN samples ever yet? Very impressive ICLR submission! BigGAN improves Inception Scores by &gt;100.

Paper: https://t‚Ä¶"
236,Sun Sep 30 07:20:56 +0000 2018,0,1046298834857545728,,47,"RT @radamihalcea: I compiled a list of top ten reasons to study Computer Science, and with the help of talented graphic designers, turned t‚Ä¶"
237,Fri Sep 28 21:36:34 +0000 2018,0,1045789389266268162,,1,"RT @RatnRajiv: Too many Turing awards, Field medals, Abel prizes, and Nevanlinna prizes in a frame. üòÜ
Thank you, @HLForum for providing a p‚Ä¶"
238,Fri Sep 28 21:17:16 +0000 2018,0,1045784530282565632,,1,"RT @RatnRajiv: Thank you, @HLForum for organizing a wonderful conference with laureate in computer science and mathematics. 
It could not b‚Ä¶"
239,Sat Sep 22 20:53:27 +0000 2018,4,1043604211244646401,,1,Congrats @midasIIITD student @Simcyy for getting selected to @Adobe Research for her summer internship in 2019.
240,Wed Sep 12 09:48:48 +0000 2018,0,1039813067800891392,,2,"RT @mr2amc: MR2AMC'18: Multimodal Representation, Retrieval, and Analysis of Multimedia Content in Social Media
   
  Deadline: October 7,‚Ä¶"
241,Mon Sep 10 17:46:41 +0000 2018,0,1039208552324186112,,2,"RT @mr2amc: Please submit your research papers on multimedia, social media, and multimodal computing to @mr2amc 2018. More details can be f‚Ä¶"
242,Mon Sep 10 05:37:01 +0000 2018,0,1039024927687360512,,3,RT @debanjanbhucs: Summarizing some recent developments in word embeddings #nlp https://t.co/XykpLifuop
243,Sun Sep 09 05:14:58 +0000 2018,0,1038656991961333762,,2,RT @debanjanbhucs: Excellent post for those working on word embeddings #NLP #MachineLearning  https://t.co/xENTzh7GrZ
244,Thu Sep 06 09:59:01 +0000 2018,1,1037641312076365824,,0,"@sharmadrishti @IIITDelhi @emnlp2018 Thank you, @sharmadrishti @midasIIITD @midasIIITD @RatnRajiv"
245,Thu Sep 06 05:08:53 +0000 2018,0,1037568295526756352,,4,"RT @IIITDelhi: Congratulations team @midasIIITD
for getting 4 papers accepted to @emnlp2018 workshops.  1) Offensive Tweets Classification,‚Ä¶"
246,Wed Sep 05 18:05:33 +0000 2018,0,1037401364471508992,,11,"RT @kdnuggets: Auto-Keras, or How You can Create a #DeepLearning Model in 4 Lines of Code #KDN https://t.co/A1FgKE0ZKA"
247,Wed Sep 05 17:14:12 +0000 2018,0,1037388440403292160,,1,RT @jain49: Big Change: Diabetes patients are looking for diabetes management systems.  Manufacturers of continuous glucose monitoring devi‚Ä¶
248,Tue Sep 04 18:22:18 +0000 2018,0,1037043189843091457,,688,RT @NipsConference: #NIPS2018 The main conference sold out in 11 minutes 38 seconds
249,Tue Sep 04 16:19:56 +0000 2018,5,1037012394856218624,,1,"Paper titled, ""Exploring and Learning Suicidal Ideation Connotations on Social Media with Deep Learning"", got accepted to WASSA at @emnlp2018 
Congratulations authors, Ramit Sawhney, Prachi Manchanda, @punnibhai, @RatnRajiv, Raj Singh for great work.
#MIDAS #EMNLP #WASSA #IIITD"
250,Tue Sep 04 16:16:37 +0000 2018,3,1037011562370719744,,1,"The fourth paper (and 3rd of @punnibhai) got accepted into @emnlp2018 workshops. Congratulations Team @midasIIITD 

#MIDAS #EMNLP #Achievment #Success #IIITD #WASSA"
251,Tue Sep 04 15:54:18 +0000 2018,0,1037005945711165440,,34,"RT @NAACLHLT: Calls for papers for #naacl2019 are up!
Research track: https://t.co/tvFJx6P3Zs"
252,Tue Sep 04 01:10:31 +0000 2018,0,1036783534411722754,,28,"RT @kdnuggets: Text Classification &amp; Embeddings Visualization Using LSTMs, CNNs, and Pre-trained Word Vectors https://t.co/ir0jssoMkh https‚Ä¶"
253,Mon Sep 03 13:14:52 +0000 2018,0,1036603432918953989,,3,"RT @mr2amc: @mr2amc challenge on ""Multimodal Sentiment Analysis Challenge"" is up now. You may visit the following link for more details:‚Ä¶"
254,Sat Sep 01 17:25:56 +0000 2018,0,1035941843417018368,,33,"RT @TheWebConf: Submitting to The Web Conference 2019 (WWW 2019) in San Francisco? Abstracts due Oct. 29, full papers Nov. 5! Full CFP: htt‚Ä¶"
255,Sat Sep 01 14:55:48 +0000 2018,0,1035904060291858434,1.0,25,RT @kdnuggets: First Steps of Learning Deep Learning: Image Classification in Keras https://t.co/eroBz5EhS8 https://t.co/5CN1eQHbTP
256,Sat Sep 01 03:09:52 +0000 2018,1,1035726405554688000,,0,"@debanjanbhucs @debanjanbhucs, thanks for sharing. 
@the_dhumketu this will be useful."
257,Sat Sep 01 03:07:55 +0000 2018,0,1035725912522645504,,9,"RT @DaveRubal: GREAT 9-page reference in basic #datascience. Here: https://t.co/g3EHvtd65h

Covers basic concepts in probability, #statisti‚Ä¶"
258,Fri Aug 31 17:50:25 +0000 2018,0,1035585615570460672,,21,RT @ylecun: Nice blog post about FAIR's work on unsupervised language translation. https://t.co/DfJWizDHeA
259,Fri Aug 31 05:28:31 +0000 2018,3,1035398909336506369,,3,"If you are holding Junior Research Fellowship (JRF) in computer science and looking for Ph.D. at the @midasIIITD lab, please contact us at https://t.co/pEMPKivWvO

#MIDAS #PhD #IIITD #MachineLearning #NLP #ComputerVision #Multimedia #Healthcare #AI #ProfShah"
260,Fri Aug 31 03:23:10 +0000 2018,0,1035367365091848192,,196,RT @goodfellow_ian: https://t.co/46MisEZT5n Deep learning for predicting aftershocks of large earthquakes. Besides offering better predicti‚Ä¶
261,Thu Aug 30 09:31:43 +0000 2018,0,1035097724193042433,,1,"@BloodDonorsIn Not everyone is aware of your handle and nor all can fill the form that you want people to fill. We, @midasIIITD, can automate the process using machine learning technologies to help in your mission to help society."
262,Thu Aug 30 09:28:48 +0000 2018,0,1035096992618356737,,0,"@BloodDonorsIn you may call us at 01126907495 or email us at midas@iiitd.ac.in to discuss opportunities to help you in your mission. 
@midasIIITD is a group of researchers in @IIITDelhi who use technology to help society. We can help by finding blood donors/seekers automatically."
263,Thu Aug 30 09:20:55 +0000 2018,0,1035095008024715265,,468,RT @ylecun: Many European country should dramatically increase their R&amp;D investments. https://t.co/27htpbr9P0
264,Thu Aug 30 04:32:16 +0000 2018,0,1035022365514596352,,2,RT @ponguru: Need Hindi-English Code-Mixed #POS Tagged data? Code: https://t.co/leACdMdOnG Data: https://t.co/qoj6p9tMQc from our recent #S‚Ä¶
265,Wed Aug 29 15:27:21 +0000 2018,0,1034824835220758530,1.0,5,RT @kdnuggets: NVIDIA Blog: Supervised Vs. Unsupervised Learning https://t.co/qLhByopdqT https://t.co/8aRgrEa3TX
266,Wed Aug 29 08:25:05 +0000 2018,0,1034718568481415168,,1,"RT @DheerajSanghi: Delhi government nods construction of Phase-2 of DTU, IIIT-D https://t.co/OfBtFs9R3g"
267,Tue Aug 28 17:27:03 +0000 2018,1,1034492572519940097,,0,@medialab @TechXplore_com an interesting problem to pursue @the_dhumketu @RatnRajiv @mr2amc
268,Tue Aug 28 17:24:55 +0000 2018,0,1034492035082809344,,1,RT @DheerajSanghi: Google data collection research via @DCNorg https://t.co/WOKPIhb5dK
269,Tue Aug 28 14:17:19 +0000 2018,0,1034444823317475330,,2,"RT @assert_pub: ""Ubiquitous Event Mining to Enhance Personal Health"" is the #1 paper on Arxiv today in human-computer interaction. Congrats‚Ä¶"
270,Tue Aug 28 13:56:15 +0000 2018,7,1034439519364243457,,0,"Congratulations @midasIIITD PI, @RatnRajiv, on getting selected for the SAP Grant at the 6th Heidelberg Laureate Forum. 
He is among the 200 most qualified young researchers across the world are
provided an opportunity to meet Laureates in CS and Maths for a week at Heidelberg."
271,Sun Aug 26 17:13:49 +0000 2018,0,1033764466049994752,,1,RT @jain49: Great to hear this.  #FoodComputing #FutureHealth https://t.co/qH1zns8MpG
272,Sat Aug 25 05:05:20 +0000 2018,2,1033218747345956864,,1,"@ponguru @IIITDelhi @AhujaSheetu @DheerajSanghi Best wishes to all graduates of @IIITDelhi. 
@midasIIITD looks forward to in touch with all. 

#MIDAS #IIITD #Convocation #Success"
273,Fri Aug 24 04:59:43 +0000 2018,0,1032854946721320960,,32,RT @kdnuggets: Understanding Deep Convolutional #NeuralNetworks with a practical use-case in Tensorflow and Keras #KDN https://t.co/Yiop03C‚Ä¶
274,Fri Aug 24 04:59:16 +0000 2018,0,1032854834423128069,,8427,"RT @hardmaru: Everybody Dance Now!
Exciting new work on conditional video synthesis from Berkeley.
https://t.co/kXGsZ8O4zA https://t.co/TuS‚Ä¶"
275,Thu Aug 23 17:28:15 +0000 2018,0,1032680933143375872,,77,RT @YejinChoinka: We have a hot new dataset for üî•NLI with commonsenseüî•! --- 113k multiple choice questions adversarially constructed to mak‚Ä¶
276,Thu Aug 23 15:56:47 +0000 2018,0,1032657916044570624,,83,"RT @radamihalcea: We are releasing a brand new dataset of fake news, covering several domains
https://t.co/aq5s3rV7ti

Read the paper here‚Ä¶"
277,Thu Aug 23 14:48:45 +0000 2018,6,1032640793062719489,,1,"""Did you offend me? Classification of Offensive Tweets in Hinglish Language.""

Many congratulations to @midasIIITD @IIITDelhi researchers Puneet Mathur @punnibhai, Ramit Sawhney, Meghna Ayyar @Leomi7 for their paper being accepted to ALW2 in #EMNLP 2018.

#MIDAS #Achievement"
278,Thu Aug 23 09:01:29 +0000 2018,7,1032553403103117312,,2,"Congratulations @midasIIITD interns, @punnibhai Puneet, @Leomi7 Meghna, Sahil Chopra, Simra Shahid, and Laiba Mehnaz for getting their paper, titled ""Identification of Emergency Blood Donation Request on Twitter"", accepted to the SMM4H EMNLP 2018. First work to do so. 
#MIDAS"
279,Thu Aug 23 07:19:47 +0000 2018,8,1032527807937536000,1.0,1,https://t.co/GOyrocgXf4
280,Thu Aug 23 07:17:40 +0000 2018,8,1032527273948196864,,3,"TCS Foundation inaugurated Centre for Design and New Media at @IIITDelhi. @midasIIITD is proud to be the part of this center. We got an opportunity to show our recent work to Mr. Ananth Krishnan (TCS CTO), Mr. Ajoyendra Mukherjee, and Mr. Niranjan Pedanekar. Glad, they liked them"
281,Thu Aug 23 03:38:51 +0000 2018,2,1032472206322724866,,1,"@RatnRajiv Another paper will help companies or people to find offensive tweets in Hinglish automatically. Our method will help them to automatically delete such content, block and report such person, and many other interesting problems on social media."
282,Thu Aug 23 03:34:39 +0000 2018,4,1032471151526572032,,2,"Congratulations all @midasIIITD interns for your great work. 
One of our accepted work will help patients to reach a suitable blood donor soon. https://t.co/vdt3yIpdQL"
283,Thu Aug 23 03:31:55 +0000 2018,1,1032470461546782720,,0,"@Thom_Wolf @stanfordnlp @sivareddyg @hhexiy @yatskar @MohitIyyer @the_dhumketu @RatnRajiv 
A great scope to work on this dataset."
284,Wed Aug 22 19:22:16 +0000 2018,1,1032347237664215042,,0,@danqi_chen @stanfordnlp FYI @the_dhumketu
285,Wed Aug 22 16:11:43 +0000 2018,0,1032299285881057280,,33,RT @kdnuggets: Awesome #DeepLearning: Most Cited #DeepLearning Papers #KDN https://t.co/szGieAzboH
286,Wed Aug 22 15:50:12 +0000 2018,0,1032293869587652608,,233,"RT @stanfordnlp: People usually get information from others in a multi-turn conversation. To approach this, we‚Äôve released CoQA üçÉ‚ÄîA Convers‚Ä¶"
287,Wed Aug 22 12:53:38 +0000 2018,4,1032249434174709761,,1,Team @midasIIITD looking forward to with CDNM. https://t.co/h4roiaL1X6
288,Wed Aug 22 05:35:37 +0000 2018,0,1032139205164462080,,61,"RT @VeredShwartz: After 3 years of blogging about NLP, with the goal of writing in simple words that non-experts can understand, I finally‚Ä¶"
289,Wed Aug 22 04:56:37 +0000 2018,0,1032129391231287296,,496,"RT @msisodia: With immense ambition &amp; hope, inaugurated the sprawling @IIITDelhi Phase 2 Campus with Hon'ble CM @ArvindKejriwal 

The total‚Ä¶"
290,Wed Aug 22 04:56:22 +0000 2018,0,1032129326035038209,,87,RT @goodfellow_ian: Video-to-video translation with conditional GANs https://t.co/DDmRSTkpri
291,Wed Aug 22 04:56:17 +0000 2018,0,1032129307341025280,,554,"RT @kaggle: RT @afshinea üî•Set of illustrated Machine Learning cheat sheets from Stanford's CS 229 class:
Deep Learning: https://t.co/BNQ7Fp‚Ä¶"
292,Mon Aug 20 05:41:16 +0000 2018,0,1031415853542137856,,1,"RT @jain49: Beginning to understand what we eat better. Next, controlling it through engineering. #FoodComputing https://t.co/PpMwnqFvak vi‚Ä¶"
293,Mon Aug 20 04:32:09 +0000 2018,3,1031398457678782464,,1,"Our paper titled, ""IceBreaker: Solving Cold Start Problem for Video
Recommendation Engines"", is now available on Arxiv. 

https://t.co/zuNS7DQ6MY

#MIDAS #Arxiv #IIITD #IceBreaker #VideoRecommendation"
294,Mon Aug 20 03:51:43 +0000 2018,0,1031388280556675072,,1,"RT @mr2amc: Call for papers: MR2AMC 2018, Taichung, Taiwan.

https://t.co/gBhtnsyUk3"
295,Sun Aug 19 09:19:12 +0000 2018,9,1031108308260642816,,0,"Our paper titled, ""Neural Machine Translation for English-Tamil"", is got accepted to the third Conference on Machine Translation (WMT18) in EMNLP 2018.

#EMNLP #NLP #MT #MIDAS"
296,Sat Aug 18 19:04:18 +0000 2018,0,1030893167003033600,1.0,3,"RT @mr2amc: Team @midasIIITD, please spread CFP for @mr2amc 

#ISM #MR2AMC #IEEE #MIDAS https://t.co/D2ZJjYR8N4"
297,Sat Aug 18 17:19:21 +0000 2018,0,1030866754371833857,,3,"RT @mr2amc: Our paper submission system is ready on EasyChair for @mr2amc 

https://t.co/kMfbLOcz6x

You may submit your original contribut‚Ä¶"
298,Sat Aug 18 03:55:34 +0000 2018,0,1030664474091552768,,5,"RT @NurtureAI: How do you choose the hyperparameters of an NN model? While current methods revolve around trial and error, this becomes inf‚Ä¶"
299,Thu Aug 16 06:13:04 +0000 2018,0,1029974301737402369,1.0,12,RT @kdnuggets: Diving Deep into Deepfakes https://t.co/gM5xM4pMkz https://t.co/o969Jpeuwr
300,Thu Aug 16 04:30:12 +0000 2018,7,1029948414606368768,,3,"Congratulations @midasIIITD @IIITDelhi interns, Deepanshu, Meghna, and Ashutosh for getting their paper accepted to the MAPonSMS'18 task of the 10th Forum for Information Retrieval Evaluation (FIRE) conference. Paper will be published in the Springer LNCS. #MIDAS #Achievment"
301,Wed Aug 15 14:38:37 +0000 2018,0,1029739140399734784,,1,"RT @jain49: This is magic. In fact, more than magic, real transformation. https://t.co/tQbbb8Ka36"
302,Wed Aug 15 14:37:22 +0000 2018,0,1029738826879651841,,6,RT @kdnuggets: The Best Metric to Measure Accuracy of Classification Models #KDN https://t.co/RBFTGnKr5M
303,Wed Aug 15 14:36:08 +0000 2018,0,1029738514097876992,,6,RT @kdnuggets: KDnuggets 18:n31: Top 10 roles in #AI and #datascience; Github Data Science Spotlight: #Python tools for #MachineLearning ht‚Ä¶
304,Wed Aug 15 09:03:25 +0000 2018,0,1029654786596130816,,4,RT @ponguru: Looking for ideas / projects in #privacy and #security in #socialnetwork? Here is a list of ideas that you can explore https:/‚Ä¶
305,Mon Aug 13 10:48:07 +0000 2018,0,1028956357062524929,,28,"RT @coling2018: #COLING2018 proceedings are now in the ACL Anthology! https://t.co/75kJ0btl3M

#nlproc #linguistics Check out those multili‚Ä¶"
306,Sun Aug 12 15:07:30 +0000 2018,3,1028659245632368641,,1,"Very interesting! We at @midasIIITD, also doing some work on @DigitalHealth. Hope to present them in upcoming conferences. https://t.co/jx21cAdqoE"
307,Sun Aug 12 14:19:37 +0000 2018,0,1028647195808079873,,45,"RT @kdnuggets: GitHub Python Data Science Spotlight: AutoML, NLP, Visualization, ML Workflows https://t.co/83nUhUzxF6 https://t.co/213EnP8x‚Ä¶"
308,Sun Aug 12 13:11:04 +0000 2018,0,1028629944371433472,,2,"RT @mr2amc: @mr2amc will be organized by Prof @RatnRajiv and A V Subramanyam (@IIITDelhi ), Prof Roger Zimmermann and Yifang Yin (@NUSCompu‚Ä¶"
309,Sun Aug 12 09:07:16 +0000 2018,0,1028568589962543104,,2,"RT @mr2amc: Our workshop proposal on Multimodal Representation, Retrieval, and Analysis of Multimedia Content in Social Media (MR2AMC) http‚Ä¶"
310,Sun Aug 12 04:29:38 +0000 2018,2,1028498722748018688,,0,NLP's ImageNet moment has arrived ¬ª https://t.co/miZDIXKpq5 #natural language processing #nlp #transfer learning
311,Sat Aug 11 08:48:40 +0000 2018,1,1028201519798276097,,0,@soujanyaporia @nlp Congrats Dr. @soujanyaporia
312,Thu Aug 09 10:17:53 +0000 2018,0,1027499198315409408,1.0,111,RT @kdnuggets: Ultimate Guide to Getting Started with Tensorflow https://t.co/tWpYBsmbG5 https://t.co/jXi4GK97mX
313,Thu Aug 09 05:59:57 +0000 2018,0,1027434289011421184,,265,RT @TensorFlow: TensorFlow 1.10.0 has been released! Please see the full release notes for details on added features and changes ‚Üì https://‚Ä¶
314,Wed Aug 08 11:30:56 +0000 2018,2,1027155192326709249,,1,"@midasIIITD is looking for motivated IIITD MTech students who have an interest in research and deep learning techniques. 
If you have plans for doing Ph.D. in near future then you may consider pursuing your MTech thesis at MIDAS. @IIITDelhi"
315,Wed Aug 08 05:53:48 +0000 2018,3,1027070352491302912,1.0,1,@IIITDelhi @ponguru @RatnRajiv The results of @midasIIITD are as follows https://t.co/I8bOPaJSQv
316,Wed Aug 08 05:45:58 +0000 2018,0,1027068380962910208,,1,"RT @IIITDelhi: @midasIIITD has secured rank 1 in the IRMiDis challenge of the 10th FIRE 2018 conference. Congratulations MIDAS interns, Sak‚Ä¶"
317,Tue Aug 07 07:16:33 +0000 2018,0,1026728788762099712,1.0,40,RT @kdnuggets: Comparison of Top 6 Python NLP Libraries https://t.co/3ubomIUh4N https://t.co/KgP6R9mZsD
318,Tue Aug 07 02:05:12 +0000 2018,1,1026650435296190464,,1,"Check more details of the 20th IEEE International Symposium on Multimedia (ISM) conference at https://t.co/wMIaXBfCYR.
 It is an international forum for researchers to exchange information regarding advances in the state of the art and practice of multimedia computing.
#MR2AMC"
319,Tue Aug 07 01:58:49 +0000 2018,1,1026648829947310082,,1,"MR2AMC@ISM 2018 will be organized by @RatnRajiv (@midasIIITD), @debanjanbhucs (@TechAtBloomberg), Yifang Yin (@NUSComputing), and @soujanyaporia (@NTUsg). Thanks to Prof Roger Zimmermann (NUS) for being the honorary chair for the workshop. 
#ISM2018 #IEEE #MIDAS @IIITDelhi 2/2"
320,Tue Aug 07 01:50:33 +0000 2018,1,1026646745915117568,,1,"Our workshop proposal named, ""MR2AMC: Multimodal Representation,
Retrieval, and Analysis of Multimedia Content in Social Media"", has been accepted to the 20th IEEE International Symposium on Multimedia (ISM) conference. Looking forward to your contributions. 
#MIDAS #ISM2018  1/2"
321,Mon Aug 06 17:48:23 +0000 2018,0,1026525407548297216,,0,@NUSComputing Congratulations Abdelhak and Prof Zimmermann.
322,Mon Aug 06 17:46:59 +0000 2018,0,1026525053456797696,1.0,103,RT @goodfellow_ian: One of the most anticipated GAN names now taken: paGAN. https://t.co/ifUgy40O8t https://t.co/NvxKDwEMZz
323,Mon Aug 06 06:06:47 +0000 2018,0,1026348845062483970,,0,@the_dhumketu Great to have you in @midasIIITD
324,Fri Aug 03 05:56:33 +0000 2018,6,1025259106104307713,,1,Congratulation @soujanyaporia for being appointed as an Adjunct Faculty of @IIITDelhi. He will be working with team @midasIIITD in collaboration with Prof @RatnRajiv on several interesting projects. Welcome to MIDAS and IIITD family. #NTU #IIITD #MIDAS #Collaboration
325,Wed Aug 01 11:47:15 +0000 2018,5,1024622587110772736,1.0,1,@IIITDelhi @the_dhumketu Thanks team @midasIIITD https://t.co/2WvhaHBq3h
326,Wed Aug 01 11:20:07 +0000 2018,0,1024615754971328514,,4,"RT @IIITDelhi: Congratulations @midasIIITD intern @the_dhumketu for getting his paper titled,""Harnessing AI for Speech Reconstruction using‚Ä¶"
327,Wed Aug 01 05:06:47 +0000 2018,0,1024521803308261377,,4,"RT @learning_pt: Profile of the 5 Indian undergrads admitted to MIT for 2018-2022 session. 
Note, how they grabbed the Linguistics Olympiad‚Ä¶"
328,Tue Jul 31 12:11:52 +0000 2018,1,1024266393682759685,,0,"Have a look at the list of accepted papers in ACM Multimedia 2018 if you are willing to work on some interesting multimedia research problems. 
https://t.co/TEPg200yB6

#MIDAS #ACMMultimedia2018 #ACM #MultimediaResearch #Multimedia #IIITD #NUS #NII"
329,Tue Jul 31 02:06:26 +0000 2018,0,1024114029097246725,,264,"RT @goodfellow_ian: https://t.co/hYiWI7ntyk TensorFuzz automates the process of finding inputs that cause some specific testable behavior,‚Ä¶"
330,Mon Jul 30 07:30:51 +0000 2018,0,1023833283321257984,,2,"RT @IIITDelhi: Congratulations Dr. @RatnRajiv and team @midasIIITD for getting their paper titled,""Learning and Fusing Multimodal Deep Feat‚Ä¶"
331,Sat Jul 28 11:07:11 +0000 2018,0,1023162950926790658,,57,"RT @ylecun: Jitendra Malik, who directs FAIR-Menlo Park, talks about the future of computer vision in his acceptance talk after receiving t‚Ä¶"
332,Sat Jul 28 06:14:09 +0000 2018,0,1023089206820655104,,105,"RT @kdnuggets: .@Bloomberg launches free course  ""Foundations of #MachineLearning"" for those with Strong #Math Backgrounds  https://t.co/9R‚Ä¶"
333,Sat Jul 28 06:13:48 +0000 2018,0,1023089118719266816,,7,RT @TechAtBloomberg: Missed #PyLondinium18? Watch the videos of the keynotes and other speakers now: https://t.co/ZdsCV6csy7
334,Sat Jul 28 04:08:21 +0000 2018,0,1023057546066710528,,6,"RT @IIITDelhi: We are delighted to announce that @IIITDelhi has joined hands with University at Buffalo, the State University of New York f‚Ä¶"
335,Fri Jul 27 06:46:44 +0000 2018,3,1022735016822857729,,2,"Get ready for the annual technical fest of @IIITDelhi, Esya, on 17th and 18th August 2018. The theme for this year's edition is Technology for Social Change and all the events will be incorporated with the same.
Check more details at https://t.co/kpINK6bfU5 #ESYA #MIDAS #IIITD"
336,Fri Jul 27 04:07:31 +0000 2018,8,1022694950658396160,,2,"Congratulations Dr. @RatnRajiv and team @midasIIITD for getting their paper titled,""Learning and Fusing Multimodal Deep Features for Acoustic Scene Categorization"" accepted in ACM Multimedia 2018, a top-tier conference for multimedia. Visit¬†https://t.co/pEMPKivWvO¬†to join MIDAS."
337,Wed Jul 25 05:14:35 +0000 2018,5,1021987053880455170,,1,Congratulations MIDAS @midasIIITD intern Prakhar Srivastava @prakharcode for being selected to give a talk in PyCon Poland @pyconpl and PyCon France @pyconfr. #MIDAS #Congratulations #PyCon #IIITD #Python #NUS #NII @pycon @IIITDelhi  @TechAtBloomberg @debanjanbhucs
338,Tue Jul 24 10:33:23 +0000 2018,2,1021704893537574912,,1,MIDAS@IIITD foundation. https://t.co/LKuzyBHzjm
339,Tue Jul 24 10:12:34 +0000 2018,2,1021699654805729280,,1,It feels great to be the part of @IIITDelhi. https://t.co/IRRTtIpC6D
340,Tue Jul 24 09:46:26 +0000 2018,4,1021693076337618944,1.0,1,"Thank you, @toonzratn for designing the logo of MIDAS. https://t.co/yx2u2Vs36Z"
341,Mon Jul 23 16:25:05 +0000 2018,3,1021431011970670592,,1,"We are on Facebook too. Like our page to get our updates. https://t.co/CRaw6KQPSf

#MIDAS #IIITD #MultimediaResearch #NLP #ImageProcessing #DeepLearning #AI4HealthCare #Lipreading #FakeNewsDetection #CodeSwitchedLanguageProcessing #SocialMediaComputing #AI"
342,Mon Jul 23 12:53:15 +0000 2018,7,1021377705084739584,,4,"MIDAS is a group of researchers at IIIT-Delhi who study, analyze, and build different multimedia systems for society leveraging multimodal information. MIDAS stands for Multimodal Digital Media Analysis Lab and it is founded by Dr. Rajiv Ratn Shah. 
URL: https://t.co/sPvbKgXKmg"
